article1_id,article2_id,ad1_id,ad2_id,score
65,35,2,2,0.829470694065094
44,16,2,2,0.6406381726264954
82,49,2,2,0.726059079170227
85,84,2,2,0.8032358288764954
83,86,2,2,0.7389649748802185
6,24,2,2,0.649458646774292
42,89,2,2,0.835613489151001
48,78,2,2,0.7667854428291321
7,93,2,2,0.8159412741661072
59,7,2,2,0.7105719447135925
34,55,2,2,0.8653782606124878
58,31,2,2,0.8069218993186951
56,36,2,2,0.7939317226409912
32,17,2,2,0.8014835715293884
1,66,2,2,0.8644912242889404
83,75,2,2,0.7018789052963257
38,41,2,2,0.7948281764984131
13,92,2,2,0.8642659783363342
51,5,2,2,0.8032034635543823
50,5,2,2,0.7750502228736877
91,16,2,2,0.791565477848053
27,71,2,2,0.8315654993057251
92,80,2,2,0.8069414496421814
80,63,2,2,0.7038713097572327
85,95,2,2,0.8146499991416931
71,90,2,2,0.8176971673965454
95,85,2,2,0.8146499991416931
40,17,2,2,0.7764341831207275
1,95,2,2,0.7977034449577332
22,17,2,2,0.8002030253410339
18,37,2,2,0.8331810832023621
32,52,2,2,0.8442589044570923
13,41,2,2,0.8098688721656799
26,57,2,2,0.7955513596534729
58,81,2,2,0.8146794438362122
59,39,2,2,0.811220645904541
7,74,2,2,0.7415053248405457
28,3,2,2,0.715016782283783
31,63,2,2,0.7390733361244202
19,55,2,2,0.8010706901550293
57,4,2,2,0.7579580545425415
81,48,2,2,0.7584788203239441
11,51,2,2,0.8786504864692688
31,33,2,2,0.7824079990386963
62,55,2,2,0.8338136076927185
74,43,2,2,0.7678519487380981
71,39,2,2,0.8009442090988159
51,34,2,2,0.8086252212524414
95,48,2,2,0.8256843686103821
90,14,2,2,0.8296709656715393
11,84,2,2,0.9227059483528137
17,15,2,2,0.7616761326789856
86,12,2,2,0.7211912870407104
88,22,2,2,0.7680879235267639
1,31,2,2,0.8465232849121094
9,4,2,2,0.7407044172286987
0,75,2,2,0.6943327784538269
29,61,2,2,0.7114202380180359
4,52,2,2,0.7123023867607117
73,88,2,2,0.8633682131767273
72,75,2,2,0.7693220376968384
87,12,2,2,0.8508915305137634
11,70,2,2,0.9170640110969543
79,50,2,2,0.761630654335022
15,57,2,2,0.7826973795890808
91,74,2,2,0.8060671091079712
13,48,2,2,0.7749325633049011
59,29,2,2,0.7797649502754211
78,52,2,2,0.8467549085617065
58,90,2,2,0.8357921242713928
47,81,2,2,0.7535691857337952
49,34,2,2,0.7391455173492432
70,88,2,2,0.7990763783454895
64,73,2,2,0.7856462001800537
56,73,2,2,0.7896997928619385
6,40,2,2,0.9153758883476257
35,39,2,2,0.7811266183853149
8,53,2,2,0.8176663517951965
72,71,2,2,0.7385392189025879
36,91,2,2,0.7758246660232544
0,64,2,2,0.8094658851623535
4,25,2,2,0.7623854279518127
53,80,2,2,0.8104482293128967
24,82,2,2,0.7474055886268616
23,6,2,2,0.8147473931312561
42,51,2,2,0.8719298243522644
54,39,2,2,0.7930082678794861
58,79,2,2,0.8121722340583801
62,18,2,2,0.8012234568595886
81,22,2,2,0.769680380821228
56,36,2,2,0.7939317226409912
20,93,2,2,0.711972177028656
29,38,2,2,0.8547696471214294
37,87,2,2,0.7858564257621765
30,89,2,2,0.7877336740493774
43,47,2,2,0.7755514979362488
60,55,2,2,0.8500313758850098
45,76,2,2,0.7159422039985657
47,9,2,2,0.7682993412017822
22,93,2,2,0.7453029751777649
74,83,2,2,0.7664242386817932
53,48,2,2,0.8032738566398621
53,41,2,2,0.753642201423645
72,36,2,2,0.8546537160873413
81,83,2,2,0.8033849596977234
20,62,2,2,0.7882927656173706
18,0,2,2,0.8345686793327332
47,37,2,2,0.8043908476829529
2,53,2,2,0.7212878465652466
95,26,2,2,0.6873041987419128
36,48,2,2,0.7472933530807495
56,94,2,2,0.7884392738342285
59,78,2,2,0.762795090675354
51,78,2,2,0.8260316252708435
32,52,2,2,0.8442589044570923
3,11,2,2,0.675872802734375
63,31,2,2,0.7390733361244202
77,14,2,2,0.830322802066803
4,23,2,2,0.7619753479957581
91,54,2,2,0.8508837223052979
71,74,2,2,0.7579622864723206
57,36,2,2,0.7844313979148865
35,73,2,2,0.7299108505249023
38,76,2,2,0.7403286695480347
92,59,2,2,0.7547225952148438
27,72,2,2,0.7937400341033936
87,19,2,2,0.7486752867698669
81,60,2,2,0.7650144696235657
31,57,2,2,0.7886442542076111
66,90,2,2,0.7655343413352966
47,12,2,2,0.8530761003494263
17,39,2,2,0.8559699654579163
15,26,2,2,0.7505974769592285
78,43,2,2,0.7354335784912109
72,44,2,2,0.7083702683448792
84,77,2,2,0.8570912480354309
81,47,2,2,0.7535691857337952
26,38,2,2,0.8441939353942871
64,78,2,2,0.8235405087471008
36,76,2,2,0.7343356609344482
55,80,2,2,0.8758147954940796
21,60,2,2,0.7388530969619751
26,14,2,2,0.7991923093795776
47,39,2,2,0.802390456199646
83,55,2,2,0.8268032670021057
42,27,2,2,0.8312990069389343
94,18,2,2,0.7315426468849182
49,66,2,2,0.692057728767395
63,33,2,2,0.7243702411651611
52,91,2,2,0.790178656578064
54,71,2,2,0.7918708324432373
23,81,2,2,0.7999697923660278
20,19,2,2,0.7965152263641357
71,12,2,2,0.881379246711731
6,86,2,2,0.7205519080162048
88,14,2,2,0.8733250498771667
33,72,2,2,0.7089405655860901
81,22,2,2,0.769680380821228
94,56,2,2,0.7884392738342285
77,48,2,2,0.7656224966049194
72,77,2,2,0.7502353191375732
94,80,2,2,0.8089659810066223
94,39,2,2,0.7731224298477173
66,27,2,2,0.812106728553772
89,40,2,2,0.8563607931137085
86,54,2,2,0.785416305065155
32,50,2,2,0.7681819796562195
22,61,2,2,0.6977860927581787
37,27,2,2,0.8265026807785034
49,0,2,2,0.7551931142807007
90,10,2,2,0.7982984781265259
36,75,2,2,0.6904528737068176
94,70,2,2,0.7780717015266418
70,33,2,2,0.8666151165962219
6,77,2,2,0.7833770513534546
23,44,2,2,0.6741684675216675
47,22,2,2,0.8273988962173462
26,73,2,2,0.8101814985275269
23,91,2,2,0.80997633934021
49,5,2,2,0.6957731246948242
80,64,2,2,0.7842664122581482
50,81,2,2,0.7821907997131348
41,87,2,2,0.8377537131309509
45,21,2,2,0.855572521686554
90,24,2,2,0.7335810661315918
49,33,2,2,0.7629998922348022
33,3,2,2,0.6857718825340271
84,53,2,2,0.8309265375137329
28,93,2,2,0.6893158555030823
85,49,2,2,0.7509810328483582
19,74,2,2,0.735646665096283
90,79,2,2,0.8326675891876221
4,62,2,2,0.7799015641212463
7,61,2,2,0.7047749757766724
10,40,2,2,0.7808640599250793
61,75,2,2,0.8085237741470337
75,49,2,2,0.7652366757392883
37,39,2,2,0.7982413172721863
9,24,2,2,0.6550763845443726
44,71,2,2,0.7044060826301575
0,77,2,2,0.7889739274978638
50,65,2,2,0.7522369623184204
63,47,2,2,0.7559423446655273
53,66,2,2,0.7900969982147217
65,67,2,2,0.720440149307251
33,61,2,2,0.7167519330978394
72,38,2,2,0.7723489999771118
40,52,2,2,0.8674978613853455
73,15,2,2,0.710534930229187
71,0,2,2,0.830056369304657
8,91,2,2,0.8297281265258789
46,88,2,2,0.8838594555854797
39,33,2,2,0.769553542137146
79,49,2,2,0.7653952836990356
78,37,2,2,0.8120046854019165
11,28,2,2,0.7196833491325378
40,26,2,2,0.798356831073761
33,46,2,2,0.8459903597831726
92,71,2,2,0.835499107837677
31,42,2,2,0.817623496055603
22,64,2,2,0.775888204574585
25,63,2,2,0.7388505339622498
18,68,2,2,0.8409138321876526
43,38,2,2,0.758583664894104
68,91,2,2,0.780099093914032
40,84,2,2,0.8310678005218506
80,10,2,2,0.8401830792427063
85,33,2,2,0.7782155275344849
7,21,2,2,0.8170804977416992
5,39,2,2,0.8179217576980591
29,55,2,2,0.8429775834083557
32,9,2,2,0.7905693650245667
28,63,2,2,0.6894615292549133
28,80,2,2,0.7242434620857239
81,94,2,2,0.7440969944000244
47,68,2,2,0.807100772857666
37,3,2,2,0.6821936964988708
36,69,2,2,0.7977524399757385
95,46,2,2,0.7206397652626038
64,77,2,2,0.8070741295814514
78,37,2,2,0.8120046854019165
71,84,2,2,0.912501335144043
76,51,2,2,0.7293133735656738
26,11,2,2,0.7860536575317383
55,56,2,2,0.8007100224494934
93,3,2,2,0.6804125905036926
46,80,2,2,0.7881215810775757
53,55,2,2,0.8260421752929688
55,57,2,2,0.8500892519950867
18,8,2,2,0.799393892288208
72,90,2,2,0.7329118847846985
45,38,2,2,0.87618488073349
78,70,2,2,0.7755894660949707
32,26,2,2,0.7600278258323669
50,43,2,2,0.7523316740989685
68,54,2,2,0.7752984762191772
15,95,2,2,0.6879985928535461
39,57,2,2,0.8091254830360413
35,92,2,2,0.7349184155464172
65,22,2,2,0.7273848652839661
35,56,2,2,0.7670344114303589
82,51,2,2,0.7651179432868958
3,88,2,2,0.7158210873603821
62,5,2,2,0.7568550705909729
6,58,2,2,0.8366380333900452
2,79,2,2,0.7359946966171265
13,7,2,2,0.8776463270187378
71,34,2,2,0.8183714747428894
85,57,2,2,0.7817176580429077
68,48,2,2,0.8015640377998352
94,15,2,2,0.7779495716094971
72,49,2,2,0.6895260810852051
14,31,2,2,0.8033171892166138
95,89,2,2,0.7592663168907166
46,81,2,2,0.7855851054191589
46,15,2,2,0.7716036438941956
67,86,2,2,0.7202451229095459
77,56,2,2,0.7783352732658386
32,46,2,2,0.8257461190223694
70,69,2,2,0.7834855914115906
90,26,2,2,0.8117877244949341
45,85,2,2,0.7996037006378174
37,8,2,2,0.7634684443473816
82,63,2,2,0.7125193476676941
5,14,2,2,0.8082593083381653
24,69,2,2,0.7451836466789246
66,72,2,2,0.7602663636207581
75,32,2,2,0.6780145764350891
62,36,2,2,0.7905119061470032
51,45,2,2,0.8262979984283447
0,61,2,2,0.6870936155319214
54,23,2,2,0.789782702922821
65,52,2,2,0.7059088349342346
43,48,2,2,0.7525038123130798
9,34,2,2,0.8004895448684692
22,26,2,2,0.8300472497940063
60,44,2,2,0.663054347038269
30,79,2,2,0.7450343370437622
69,16,2,2,0.8191813230514526
12,51,2,2,0.865374743938446
24,10,2,2,0.7841931581497192
20,42,2,2,0.7623354196548462
91,5,2,2,0.7870398759841919
20,10,2,2,0.7281178832054138
87,56,2,2,0.7799455523490906
36,62,2,2,0.7905119061470032
76,12,2,2,0.7156103849411011
61,92,2,2,0.6563667058944702
1,9,2,2,0.8283398747444153
91,27,2,2,0.8568130135536194
1,27,2,2,0.8613779544830322
61,17,2,2,0.7276834845542908
45,44,2,2,0.6455621123313904
26,47,2,2,0.795252799987793
43,50,2,2,0.7523316740989685
72,5,2,2,0.8046417832374573
95,58,2,2,0.7612134218215942
49,45,2,2,0.7106062769889832
47,92,2,2,0.8294165134429932
61,26,2,2,0.6774775385856628
45,65,2,2,0.7248589396476746
55,93,2,2,0.8034442663192749
79,5,2,2,0.7409749627113342
15,44,2,2,0.6343184113502502
91,90,2,2,0.7899718284606934
87,37,2,2,0.7858564257621765
43,77,2,2,0.8398755192756653
10,64,2,2,0.7381131649017334
33,16,2,2,0.8669445514678955
62,52,2,2,0.7567430138587952
49,17,2,2,0.754804253578186
44,57,2,2,0.6576000452041626
18,93,2,2,0.7288569808006287
40,42,2,2,0.7671105861663818
78,13,2,2,0.9305713176727295
12,50,2,2,0.9002542495727539
92,93,2,2,0.7531235218048096
28,35,2,2,0.7409818172454834
60,81,2,2,0.7650144696235657
0,77,2,2,0.7889739274978638
35,46,2,2,0.7721804976463318
52,71,2,2,0.8256763815879822
7,37,2,2,0.7661920785903931
48,71,2,2,0.771314263343811
49,11,2,2,0.7497958540916443
17,21,2,2,0.8206757307052612
48,13,2,2,0.7749325633049011
20,22,2,2,0.8145943880081177
71,16,2,2,0.8467533588409424
57,63,2,2,0.747766375541687
14,77,2,2,0.830322802066803
9,91,2,2,0.7832078337669373
53,17,2,2,0.7982325553894043
5,25,2,2,0.8192747831344604
63,50,2,2,0.6873059272766113
4,67,2,2,0.7479701638221741
94,33,2,2,0.8352393507957458
3,71,2,2,0.7011212110519409
0,8,2,2,0.7546339631080627
9,36,2,2,0.816935658454895
29,91,2,2,0.8401139974594116
5,48,2,2,0.7394130229949951
22,74,2,2,0.7564557194709778
48,67,2,2,0.7542403340339661
9,1,2,2,0.8283398747444153
9,55,2,2,0.7759168744087219
43,72,2,2,0.7148221135139465
50,2,2,2,0.7938836812973022
36,95,2,2,0.7237949371337891
8,75,2,2,0.8694393634796143
37,57,2,2,0.7481671571731567
24,8,2,2,0.7638441920280457
69,37,2,2,0.7994792461395264
25,23,2,2,0.8631182909011841
2,77,2,2,0.7808939218521118
93,15,2,2,0.7158169746398926
92,21,2,2,0.8246566653251648
48,78,2,2,0.7667854428291321
36,73,2,2,0.8995028734207153
81,83,2,2,0.8033849596977234
75,43,2,2,0.7110437154769897
50,28,2,2,0.6869576573371887
62,87,2,2,0.8147568702697754
8,29,2,2,0.8117132186889648
26,56,2,2,0.8186603784561157
19,61,2,2,0.6988089680671692
14,89,2,2,0.8973817229270935
74,93,2,2,0.7036622166633606
22,72,2,2,0.8129822611808777
91,40,2,2,0.8262318968772888
55,15,2,2,0.7469103336334229
44,85,2,2,0.7308632135391235
9,6,2,2,0.8509580492973328
30,19,2,2,0.7846326231956482
7,88,2,2,0.8501670956611633
91,76,2,2,0.7841173410415649
70,40,2,2,0.7999063730239868
15,20,2,2,0.7215558886528015
39,68,2,2,0.8484410643577576
67,92,2,2,0.9025335907936096
5,79,2,2,0.7409749627113342
8,50,2,2,0.7782560586929321
60,10,2,2,0.7677127718925476
39,73,2,2,0.7877525091171265
12,15,2,2,0.7264465093612671
8,24,2,2,0.7638441920280457
70,22,2,2,0.7630419135093689
33,59,2,2,0.7107994556427002
31,56,2,2,0.7818918228149414
0,71,2,2,0.830056369304657
88,83,2,2,0.827081561088562
35,93,2,2,0.7188805937767029
93,5,2,2,0.7578050494194031
54,19,2,2,0.8127850890159607
91,22,2,2,0.7723671197891235
83,23,2,2,0.8538397550582886
15,24,2,2,0.7261528372764587
12,82,2,2,0.792160153388977
24,89,2,2,0.725310206413269
85,84,2,2,0.8032358288764954
60,15,2,2,0.7227247953414917
39,87,2,2,0.8473929762840271
49,11,2,2,0.7497958540916443
82,51,2,2,0.7651179432868958
55,35,2,2,0.7556755542755127
55,89,2,2,0.864217221736908
47,7,2,2,0.8181373476982117
44,15,2,2,0.6343184113502502
29,79,2,2,0.7756555080413818
92,84,2,2,0.8399248719215393
40,14,2,2,0.8479207754135132
40,66,2,2,0.7485144734382629
93,91,2,2,0.7887547612190247
74,40,2,2,0.767532229423523
64,34,2,2,0.7849524021148682
7,9,2,2,0.8139658570289612
44,25,2,2,0.7083921432495117
25,0,2,2,0.8378652334213257
88,29,2,2,0.818699061870575
80,66,2,2,0.828447163105011
33,93,2,2,0.8037111163139343
72,22,2,2,0.8129822611808777
82,3,2,2,0.7441717386245728
68,43,2,2,0.8515483140945435
30,31,2,2,0.8018649816513062
52,31,2,2,0.7450538277626038
90,79,2,2,0.8326675891876221
49,69,2,2,0.7668718099594116
80,13,2,2,0.8345520496368408
71,1,2,2,0.8531154990196228
31,5,2,2,0.8065698742866516
74,21,2,2,0.7299296855926514
41,35,2,2,0.7673810124397278
11,48,2,2,0.7657963037490845
61,49,2,2,0.7523640394210815
14,56,2,2,0.7989524602890015
74,53,2,2,0.7756044268608093
16,94,2,2,0.7548967003822327
60,39,2,2,0.8003586530685425
0,44,2,2,0.6460451483726501
44,46,2,2,0.6748185753822327
94,40,2,2,0.7273101210594177
8,82,2,2,0.8336473703384399
73,72,2,2,0.7920351028442383
46,4,2,2,0.7696481347084045
39,2,2,2,0.8326923847198486
82,6,2,2,0.7440807819366455
20,76,2,2,0.7829263210296631
21,62,2,2,0.7367481589317322
74,69,2,2,0.7781882882118225
29,36,2,2,0.8903046250343323
12,24,2,2,0.7062321901321411
8,19,2,2,0.7618097066879272
84,61,2,2,0.7203035950660706
43,42,2,2,0.8282811641693115
0,74,2,2,0.736719012260437
55,50,2,2,0.8121959567070007
2,16,2,2,0.7272137403488159
85,60,2,2,0.7943726778030396
37,12,2,2,0.8589674234390259
10,8,2,2,0.7074527144432068
36,72,2,2,0.8546537160873413
34,54,2,2,0.7615637183189392
52,45,2,2,0.853023111820221
51,55,2,2,0.8367727994918823
80,15,2,2,0.7125987410545349
39,73,2,2,0.7877525091171265
71,51,2,2,0.8743359446525574
53,43,2,2,0.8189961910247803
26,64,2,2,0.8458974957466125
65,91,2,2,0.8033658266067505
95,39,2,2,0.7892229557037354
40,67,2,2,0.8331878185272217
45,3,2,2,0.7169438004493713
48,24,2,2,0.7163061499595642
81,82,2,2,0.8057205080986023
94,15,2,2,0.7779495716094971
60,48,2,2,0.7482434511184692
32,6,2,2,0.7838517427444458
75,67,2,2,0.6807712912559509
9,80,2,2,0.8004916310310364
94,75,2,2,0.683122992515564
94,28,2,2,0.7029147744178772
64,80,2,2,0.7842664122581482
15,13,2,2,0.7386713624000549
20,62,2,2,0.7882927656173706
52,67,2,2,0.869986891746521
87,45,2,2,0.8004578351974487
19,62,2,2,0.7591782808303833
68,63,2,2,0.7346647381782532
87,70,2,2,0.7326578497886658
86,36,2,2,0.6999825239181519
7,70,2,2,0.8236870765686035
6,17,2,2,0.7541288137435913
51,31,2,2,0.794611930847168
50,41,2,2,0.7825624346733093
30,85,2,2,0.783549427986145
1,46,2,2,0.8406911492347717
75,22,2,2,0.7067545056343079
29,76,2,2,0.7412734627723694
51,12,2,2,0.865374743938446
45,14,2,2,0.8749582171440125
77,16,2,2,0.7757082581520081
86,60,2,2,0.765795111656189
2,50,2,2,0.7938836812973022
28,54,2,2,0.7483986020088196
34,41,2,2,0.814914882183075
39,17,2,2,0.8559699654579163
91,11,2,2,0.7544176578521729
79,65,2,2,0.7291238903999329
74,87,2,2,0.7703757882118225
7,92,2,2,0.8578315377235413
35,82,2,2,0.7789425849914551
12,93,2,2,0.7675691843032837
37,84,2,2,0.7683089971542358
18,35,2,2,0.771087646484375
16,58,2,2,0.8528909683227539
31,65,2,2,0.7714753150939941
6,73,2,2,0.8078844547271729
46,94,2,2,0.7572543025016785
8,77,2,2,0.8013397455215454
29,15,2,2,0.7202947735786438
67,6,2,2,0.8258286714553833
90,80,2,2,0.8381747603416443
17,92,2,2,0.827721893787384
82,52,2,2,0.7295509576797485
65,26,2,2,0.7141022682189941
19,87,2,2,0.7486752867698669
17,15,2,2,0.7616761326789856
89,58,2,2,0.9065077900886536
59,44,2,2,0.6623781323432922
55,32,2,2,0.8195529580116272
20,7,2,2,0.8360817432403564
65,47,2,2,0.7162172198295593
31,93,2,2,0.7189707159996033
11,67,2,2,0.8225026726722717
40,16,2,2,0.822891354560852
47,13,2,2,0.8069490790367126
46,17,2,2,0.7788069248199463
15,65,2,2,0.7414326071739197
9,45,2,2,0.8085517883300781
88,74,2,2,0.741703450679779
75,46,2,2,0.7303411960601807
76,70,2,2,0.7132373452186584
79,46,2,2,0.7313412427902222
52,33,2,2,0.8619101047515869
71,11,2,2,0.9259764552116394
79,54,2,2,0.7615394592285156
38,20,2,2,0.8339135646820068
25,41,2,2,0.7873674631118774
86,47,2,2,0.7004215717315674
79,24,2,2,0.7503056526184082
27,5,2,2,0.8373178839683533
71,80,2,2,0.854764997959137
37,47,2,2,0.8043908476829529
91,87,2,2,0.7753034234046936
31,83,2,2,0.8106341361999512
27,46,2,2,0.8266623020172119
35,4,2,2,0.7783442735671997
19,41,2,2,0.7509344816207886
52,74,2,2,0.7070931792259216
54,52,2,2,0.7851735353469849
0,1,2,2,0.8522177934646606
84,24,2,2,0.7609700560569763
34,58,2,2,0.8489786982536316
48,12,2,2,0.747050404548645
85,87,2,2,0.8339056968688965
49,50,2,2,0.7091107368469238
19,74,2,2,0.735646665096283
22,61,2,2,0.6977860927581787
52,42,2,2,0.7776152491569519
56,70,2,2,0.7590118646621704
52,87,2,2,0.7718712687492371
42,57,2,2,0.7854381203651428
28,69,2,2,0.7520983815193176
31,47,2,2,0.7602947950363159
35,16,2,2,0.7733404636383057
15,83,2,2,0.7514182329177856
25,5,2,2,0.8192747831344604
20,93,2,2,0.711972177028656
81,77,2,2,0.7985178232192993
12,5,2,2,0.833745002746582
4,88,2,2,0.74558424949646
76,32,2,2,0.7123728394508362
81,88,2,2,0.7940171360969543
12,36,2,2,0.8715686202049255
83,10,2,2,0.747143566608429
59,36,2,2,0.8408681154251099
2,59,2,2,0.7415247559547424
49,26,2,2,0.7202214002609253
78,77,2,2,0.814342737197876
85,3,2,2,0.7320639491081238
44,93,2,2,0.6563622355461121
95,50,2,2,0.7006173729896545
10,13,2,2,0.7883357405662537
64,10,2,2,0.7381131649017334
78,85,2,2,0.8747965097427368
54,10,2,2,0.7511516809463501
86,67,2,2,0.7202451229095459
11,17,2,2,0.792479932308197
41,22,2,2,0.8298993706703186
88,79,2,2,0.7542878985404968
81,65,2,2,0.8337156176567078
38,74,2,2,0.7708216309547424
94,48,2,2,0.7498940825462341
33,53,2,2,0.8093178272247314
19,2,2,2,0.744808554649353
14,62,2,2,0.8221361041069031
59,83,2,2,0.7126190066337585
83,29,2,2,0.8396758437156677
40,18,2,2,0.8626971244812012
37,75,2,2,0.6731195449829102
58,44,2,2,0.6968384385108948
84,38,2,2,0.8772166967391968
51,30,2,2,0.7614631056785583
7,44,2,2,0.6755473613739014
28,90,2,2,0.6768589615821838
19,52,2,2,0.8557085990905762
8,53,2,2,0.8176663517951965
32,34,2,2,0.83282071352005
66,16,2,2,0.7868448495864868
52,83,2,2,0.8010861873626709
92,2,2,2,0.7787334322929382
2,47,2,2,0.7449167966842651
48,33,2,2,0.7440285682678223
5,15,2,2,0.6800581216812134
61,28,2,2,0.795794665813446
55,2,2,2,0.7847117781639099
23,70,2,2,0.8554045557975769
37,64,2,2,0.7509480118751526
10,67,2,2,0.7873229384422302
81,14,2,2,0.786378026008606
11,47,2,2,0.8028587102890015
1,59,2,2,0.7666738629341125
64,39,2,2,0.7888351678848267
7,29,2,2,0.8429592847824097
20,33,2,2,0.7570632100105286
78,44,2,2,0.6791291832923889
77,16,2,2,0.7757082581520081
71,8,2,2,0.785776674747467
57,74,2,2,0.7305097579956055
85,46,2,2,0.8071473836898804
75,23,2,2,0.696931004524231
88,28,2,2,0.683657705783844
80,52,2,2,0.7919076681137085
12,48,2,2,0.747050404548645
95,86,2,2,0.8154796361923218
95,77,2,2,0.8045311570167542
19,25,2,2,0.82674640417099
73,28,2,2,0.6838908791542053
42,95,2,2,0.7480517029762268
37,26,2,2,0.8329437971115112
7,12,2,2,0.8916427493095398
39,59,2,2,0.811220645904541
91,92,2,2,0.7778456807136536
55,71,2,2,0.8550563454627991
21,12,2,2,0.8451055288314819
41,2,2,2,0.8005884289741516
50,45,2,2,0.7979298233985901
63,71,2,2,0.7278265357017517
31,51,2,2,0.794611930847168
8,92,2,2,0.749032735824585
70,24,2,2,0.7404960989952087
28,19,2,2,0.7038304209709167
61,26,2,2,0.6774775385856628
35,87,2,2,0.794082522392273
89,49,2,2,0.774113655090332
65,84,2,2,0.7581303715705872
4,44,2,2,0.7921150922775269
7,33,2,2,0.8229551911354065
10,33,2,2,0.8028084635734558
82,63,2,2,0.7125193476676941
43,60,2,2,0.8388832211494446
74,14,2,2,0.7672618627548218
15,64,2,2,0.7028355598449707
13,58,2,2,0.8812340497970581
56,17,2,2,0.7967932820320129
40,26,2,2,0.798356831073761
50,41,2,2,0.7825624346733093
65,67,2,2,0.720440149307251
80,23,2,2,0.8577967882156372
50,62,2,2,0.7970291972160339
54,81,2,2,0.8077081441879272
0,76,2,2,0.754601001739502
51,37,2,2,0.7591156959533691
9,72,2,2,0.7373071908950806
94,80,2,2,0.8089659810066223
8,42,2,2,0.7643224000930786
19,74,2,2,0.735646665096283
46,43,2,2,0.7489556074142456
77,21,2,2,0.7625532746315002
88,21,2,2,0.8444631099700928
42,29,2,2,0.8238918781280518
86,68,2,2,0.7520648837089539
95,72,2,2,0.7702329158782959
79,88,2,2,0.7542878985404968
39,78,2,2,0.8115900754928589
65,2,2,2,0.7577311992645264
26,50,2,2,0.902243435382843
91,14,2,2,0.8195096254348755
4,38,2,2,0.7592493891716003
47,8,2,2,0.7703697085380554
91,89,2,2,0.8557494282722473
33,78,2,2,0.8103868365287781
51,11,2,2,0.8786504864692688
58,56,2,2,0.817787766456604
89,79,2,2,0.8044244050979614
27,26,2,2,0.8402062058448792
34,18,2,2,0.8199171423912048
91,82,2,2,0.809128999710083
15,36,2,2,0.6919522285461426
54,32,2,2,0.7857601046562195
12,73,2,2,0.8692084550857544
67,82,2,2,0.783703625202179
56,14,2,2,0.7989524602890015
72,2,2,2,0.733623206615448
25,67,2,2,0.8612541556358337
56,13,2,2,0.8273440003395081
1,41,2,2,0.8286235332489014
64,67,2,2,0.8264135718345642
67,14,2,2,0.8918969631195068
76,15,2,2,0.704823911190033
45,67,2,2,0.8486821055412292
13,2,2,2,0.8343254327774048
68,61,2,2,0.7691878080368042
27,8,2,2,0.8469750285148621
55,28,2,2,0.7891284823417664
37,30,2,2,0.699963390827179
50,64,2,2,0.7994685769081116
29,20,2,2,0.8502154350280762
24,13,2,2,0.7189439535140991
91,81,2,2,0.8180372714996338
10,82,2,2,0.6940004229545593
67,92,2,2,0.9025335907936096
38,71,2,2,0.8825265169143677
62,90,2,2,0.8050742745399475
76,55,2,2,0.7455791234970093
30,43,2,2,0.7816701531410217
6,70,2,2,0.7676922082901001
48,58,2,2,0.7916454672813416
8,95,2,2,0.8500570058822632
51,39,2,2,0.7778412699699402
8,46,2,2,0.7623406052589417
95,29,2,2,0.7654635906219482
13,39,2,2,0.8542022109031677
67,69,2,2,0.8381562829017639
8,51,2,2,0.7644802927970886
43,4,2,2,0.7749227285385132
82,75,2,2,0.7556657791137695
87,53,2,2,0.7131928205490112
40,65,2,2,0.7636314034461975
15,49,2,2,0.7209755778312683
73,86,2,2,0.6907949447631836
1,46,2,2,0.8406911492347717
68,33,2,2,0.854753851890564
36,76,2,2,0.7343356609344482
81,2,2,2,0.7954798340797424
33,51,2,2,0.8894076943397522
8,35,2,2,0.8570218086242676
73,54,2,2,0.7876487374305725
89,11,2,2,0.8602322936058044
82,51,2,2,0.7651179432868958
94,13,2,2,0.7458103895187378
63,60,2,2,0.691004753112793
0,15,2,2,0.7297725081443787
71,55,2,2,0.8550563454627991
30,88,2,2,0.7262395620346069
10,26,2,2,0.7315089702606201
46,45,2,2,0.8667689561843872
3,15,2,2,0.7198858857154846
85,47,2,2,0.7972009181976318
46,43,2,2,0.7489556074142456
66,62,2,2,0.7958062291145325
53,32,2,2,0.8184744119644165
69,60,2,2,0.7684377431869507
70,87,2,2,0.7326578497886658
43,72,2,2,0.7148221135139465
54,79,2,2,0.7615394592285156
37,9,2,2,0.8176856637001038
66,53,2,2,0.7900969982147217
45,50,2,2,0.7979298233985901
4,88,2,2,0.74558424949646
26,3,2,2,0.7302019000053406
31,64,2,2,0.7552423477172852
75,79,2,2,0.7348906397819519
44,95,2,2,0.7238807678222656
31,3,2,2,0.7593681812286377
9,84,2,2,0.8245859742164612
75,31,2,2,0.7532691955566406
81,90,2,2,0.7607602477073669
13,62,2,2,0.8222679495811462
22,14,2,2,0.7781303524971008
51,20,2,2,0.8056759238243103
28,11,2,2,0.7196833491325378
56,85,2,2,0.8387072682380676
68,81,2,2,0.7963232398033142
57,64,2,2,0.7685184478759766
74,63,2,2,0.7308934330940247
81,76,2,2,0.8345909118652344
30,95,2,2,0.849503755569458
89,16,2,2,0.8590753078460693
1,23,2,2,0.8446800112724304
77,0,2,2,0.7889739274978638
4,18,2,2,0.7679943442344666
7,89,2,2,0.8639444708824158
4,48,2,2,0.7274815440177917
48,62,2,2,0.810157060623169
50,2,2,2,0.7938836812973022
28,80,2,2,0.7242434620857239
35,62,2,2,0.7829899191856384
35,27,2,2,0.7978407740592957
71,62,2,2,0.838978111743927
23,63,2,2,0.7035802006721497
59,85,2,2,0.8389304876327515
12,38,2,2,0.9004751443862915
51,42,2,2,0.8719298243522644
37,88,2,2,0.8126925826072693
3,10,2,2,0.6887287497520447
52,53,2,2,0.8027275204658508
74,28,2,2,0.8094436526298523
76,14,2,2,0.7210323214530945
89,95,2,2,0.7592663168907166
43,75,2,2,0.7110437154769897
11,14,2,2,0.9136704206466675
1,56,2,2,0.8104859590530396
32,2,2,2,0.7500218152999878
11,29,2,2,0.8137837648391724
12,37,2,2,0.8589674234390259
52,30,2,2,0.7062727212905884
64,82,2,2,0.7013767957687378
43,31,2,2,0.7751113176345825
4,40,2,2,0.7649977803230286
89,68,2,2,0.8695335388183594
16,29,2,2,0.858208954334259
11,4,2,2,0.7605409622192383
58,36,2,2,0.8705759048461914
78,6,2,2,0.9088504910469055
28,41,2,2,0.7562736868858337
83,93,2,2,0.7676219940185547
72,26,2,2,0.7510788440704346
36,51,2,2,0.8585813641548157
89,77,2,2,0.853359580039978
93,67,2,2,0.7729109525680542
34,25,2,2,0.7907336950302124
70,32,2,2,0.884356677532196
28,32,2,2,0.7107165455818176
59,80,2,2,0.7117986679077148
32,6,2,2,0.7838517427444458
75,41,2,2,0.7474784255027771
0,31,2,2,0.7712124586105347
64,76,2,2,0.6965083479881287
59,63,2,2,0.8102596402168274
92,69,2,2,0.7874173521995544
22,25,2,2,0.8292478322982788
54,44,2,2,0.7533820271492004
32,51,2,2,0.8536311388015747
42,56,2,2,0.7523447275161743
50,30,2,2,0.7452186346054077
18,46,2,2,0.869843602180481
91,54,2,2,0.8508837223052979
82,16,2,2,0.7473466992378235
40,90,2,2,0.7662351727485657
27,17,2,2,0.853397786617279
64,95,2,2,0.7066384553909302
25,20,2,2,0.8344638347625732
59,20,2,2,0.7539644837379456
77,28,2,2,0.7941287755966187
91,48,2,2,0.7654768228530884
75,40,2,2,0.7562364935874939
51,20,2,2,0.8056759238243103
79,62,2,2,0.758292555809021
50,61,2,2,0.6901735067367554
40,42,2,2,0.7671105861663818
56,54,2,2,0.7986019253730774
62,33,2,2,0.8193211555480957
17,68,2,2,0.8495970964431763
81,17,2,2,0.7907266616821289
77,68,2,2,0.8841345906257629
51,90,2,2,0.8802393674850464
24,5,2,2,0.7132673263549805
35,32,2,2,0.7754397988319397
34,10,2,2,0.7352300882339478
57,48,2,2,0.7392593026161194
83,67,2,2,0.8719126582145691
19,20,2,2,0.7965152263641357
81,12,2,2,0.7966364026069641
80,71,2,2,0.854764997959137
57,69,2,2,0.7618235945701599
0,39,2,2,0.7967362403869629
93,28,2,2,0.6893158555030823
41,65,2,2,0.7613275051116943
87,16,2,2,0.7610498070716858
25,77,2,2,0.8295239210128784
42,92,2,2,0.7680295705795288
1,61,2,2,0.737827479839325
94,2,2,2,0.7070717811584473
18,77,2,2,0.8294169902801514
25,10,2,2,0.7743514776229858
57,86,2,2,0.730771541595459
92,12,2,2,0.8829924464225769
15,26,2,2,0.7505974769592285
8,43,2,2,0.7541976571083069
28,63,2,2,0.6894615292549133
62,72,2,2,0.7608792781829834
6,28,2,2,0.6853874921798706
93,3,2,2,0.6804125905036926
48,37,2,2,0.7001012563705444
39,12,2,2,0.8355391621589661
33,44,2,2,0.6638517379760742
22,56,2,2,0.7955488562583923
58,11,2,2,0.8518738746643066
40,86,2,2,0.7651617527008057
2,77,2,2,0.7808939218521118
16,40,2,2,0.822891354560852
20,37,2,2,0.8143318295478821
8,91,2,2,0.8297281265258789
65,5,2,2,0.6961063146591187
78,3,2,2,0.7423783540725708
91,66,2,2,0.7433325052261353
18,92,2,2,0.8735393285751343
20,49,2,2,0.7222427725791931
35,40,2,2,0.813186764717102
76,85,2,2,0.7982233166694641
40,81,2,2,0.7915080785751343
61,50,2,2,0.6901735067367554
83,61,2,2,0.7219807505607605
61,43,2,2,0.7282472848892212
58,95,2,2,0.7612134218215942
49,84,2,2,0.7704117894172668
89,24,2,2,0.725310206413269
74,22,2,2,0.7564557194709778
14,30,2,2,0.7762215733528137
5,16,2,2,0.8200023174285889
4,52,2,2,0.7123023867607117
73,48,2,2,0.7346031665802002
78,0,2,2,0.840255618095398
53,81,2,2,0.768829345703125
41,27,2,2,0.8622886538505554
54,10,2,2,0.7511516809463501
48,3,2,2,0.7131167650222778
92,65,2,2,0.7106443047523499
28,66,2,2,0.7382639050483704
80,1,2,2,0.8277702331542969
43,13,2,2,0.7734476923942566
91,12,2,2,0.8358604907989502
81,89,2,2,0.8289707899093628
93,7,2,2,0.8159412741661072
66,4,2,2,0.7068567872047424
58,12,2,2,0.8817673325538635
34,11,2,2,0.8223434090614319
37,5,2,2,0.8387872576713562
83,9,2,2,0.8548753261566162
36,76,2,2,0.7343356609344482
76,69,2,2,0.7894745469093323
75,27,2,2,0.7466663718223572
47,84,2,2,0.8173182010650635
24,56,2,2,0.7747504115104675
11,73,2,2,0.8252808451652527
93,38,2,2,0.7982165217399597
74,87,2,2,0.7703757882118225
33,49,2,2,0.7629998922348022
91,76,2,2,0.7841173410415649
50,28,2,2,0.6869576573371887
43,63,2,2,0.7145692110061646
55,93,2,2,0.8034442663192749
82,68,2,2,0.7763597369194031
80,28,2,2,0.7242434620857239
15,24,2,2,0.7261528372764587
51,26,2,2,0.8527785539627075
81,47,2,2,0.7535691857337952
87,34,2,2,0.8102916479110718
41,69,2,2,0.7797064185142517
64,60,2,2,0.7353865504264832
85,83,2,2,0.8158738017082214
72,83,2,2,0.7261579036712646
14,36,2,2,0.8408845663070679
52,20,2,2,0.7824313044548035
51,86,2,2,0.742294430732727
74,93,2,2,0.7036622166633606
86,26,2,2,0.6812607645988464
